lofi theme,gaming theme
calm,cyberpunk
peaceful,edgy
japanese,digital art
lofi,neon-lit
vibes,metropolitan
Aesthetic,futuristic
Nostalgic,dystopian
Cozy,gritty
Serene,grimy
Relaxing,dark
Vintage,atmospheric
Chill,chaotic
Dreamy,high-tech
Animated,sleek
Minimalist,cybernetic
Zen,industrial
Introspective,sprawling
Downtempo,dangerous
Melancholic,immersive
Soothing,vivid
Tranquil,surreal
Ambient,vibrant
Mellow,oppressive
Atmospheric,thrilling
Subdued,intense
Contemplative,hyperreal
Quaint,seedy
Rustic,shadowy
Gentle,corrupt
Hushed,digital
Wistful,dynamic
Timeless,edgy
Whimsical,energetic
Harmonious,immersive
Soft,ominous
Pensive,augmented
Comforting,holographic
Idyllic,interconnected
Reclusive,dystopic
Tranquility,virtual
Serenity,adaptive
fantasy,post-apocalyptic
Enchanted,transhuman
Celestial,anarchy
Ethereal,urban decay
Seraphic,subversive
Arcadian,electric
Nostalgic,pulsating
Poetic,labyrinthine
Calming,surveillance
Meditative,cryptic
Reflective,subterranean
Utopian,enigmatic
Mystical,radical
Romantic,rebellious
Delicate,synthetic
Ephemeral,technocratic
Pastoral,megalopolis
Elusive,desolate
Blissful,claustrophobic
Unruffled,noir
Magical,postmodern
Tenderness,bioengineered
Lyrical,retro-futuristic
Evocative,glitchy
Solace,
Daydream,
Reverie,
Dawning,
Light-filled,
Heartwarming,
Luminescent,
