lofi,gaming,dark,happy,cyberpunk,soaring,dystopian
Mellow,Epic,Brooding,Joyful,Futuristic,Majestic,Bleak
Nostalgic,Adventure-filled,Menacing,Uplifting,Dystopian,Breathtaking,Oppressive
Dreamy,Energetic,Haunting,Cheerful,Neon-lit,Soaring,Harsh
Chill,Cinematic,Eerie,Energetic,Post-apocalyptic,Ethereal,Desolate
Introspective,Futuristic,Intense,Bouncy,Holographic,Heavenly,Grim
Moody,Intense,Aggressive,Optimistic,Industrial,Foggy,Unforgiving
Lo-fi,Enthralling,Mysterious,Sunny,Edgy,Weightless,Apocalyptic
Imperfect,Dramatic,Melancholic,Playful,Cybernetic,Floating,Decrepit
Ambient,Dynamic,Disturbing,Carefree,Surreal,Free-spirited,Totalitarian
Wistful,Immersive,Sinister,Radiant,Blade Runner-esque,Exhilarating,Eerie