lofi,gaming,study,dark
Collage art,Pixel art,Minimalism,Dark Surrealism
Analog photography,Low-poly art,Realism,Gothic Horror
Surrealism,Retrofuturism,Impressionism,Expressionism
Dadaism,Cyberpunk,Pointillism,Impressionism
Expressionism,Steampunk,Geometric abstraction,Symbolism
Impressionism,Fantasy art,Photorealism,Surrealism
Minimalism,Sci-fi art,Hyperrealism,Abstract Expressionism
Abstract art,Concept art,Conceptual art,Pop Art
Street art/graffiti,Minimalism,Pop art,Horror Realism
Pop art,Realism,Abstract expressionism,Futurism
